"date","series","method","actual","mean"
2018-10-01,"Sunspot","VAR",4.9,9.61531846701225
2018-11-01,"Sunspot","VAR",4.9,11.136010858049
2018-12-01,"Sunspot","VAR",3.1,12.6282201920528
2019-01-01,"Sunspot","VAR",7.7,13.6962864415623
2019-02-01,"Sunspot","VAR",0.8,15.5921736550446
2019-03-01,"Sunspot","VAR",9.4,17.2252091794785
2019-04-01,"Sunspot","VAR",9.1,18.668100582794
2019-05-01,"Sunspot","VAR",9.9,20.0128829146778
2019-06-01,"Sunspot","VAR",1.2,21.4221589575727
2019-07-01,"Sunspot","VAR",0.9,22.7937328859138
2019-08-01,"Sunspot","VAR",0.5,24.1074293505651
2019-09-01,"Sunspot","VAR",1.1,25.3797777444677
2019-10-01,"Sunspot","VAR",0.4,26.6330871949265
2019-11-01,"Sunspot","VAR",0.5,27.860478350977
2019-12-01,"Sunspot","VAR",1.5,29.0573505469045
2020-01-01,"Sunspot","VAR",6.2,30.2259537876071
2020-02-01,"Sunspot","VAR",0.2,31.3700671087014
2020-03-01,"Sunspot","VAR",1.5,32.4900955199117
2020-04-01,"Sunspot","VAR",5.2,33.5859223493435
2020-05-01,"Sunspot","VAR",0.2,34.6582839935781
2020-06-01,"Sunspot","VAR",5.8,35.7082334312674
2020-07-01,"Sunspot","VAR",6.1,36.7364303265958
2020-08-01,"Sunspot","VAR",7.5,37.7433538424644
2020-09-01,"Sunspot","VAR",0.6,38.729543349812
2020-10-01,"Sunspot","VAR",14.6,39.695571835552
2020-11-01,"Sunspot","VAR",34.5,40.6419517612565
2020-12-01,"Sunspot","VAR",23.1,41.5691445990012
2021-01-01,"Sunspot","VAR",10.4,42.4775969150753
2021-02-01,"Sunspot","VAR",8.2,43.3677452301277
2021-03-01,"Sunspot","VAR",17.2,44.2400059443793
2021-04-01,"Sunspot","VAR",24.5,45.0947754316743
2021-05-01,"Sunspot","VAR",21.2,45.932435675432
2021-06-01,"Sunspot","VAR",25,46.7533567367641
2021-07-01,"Sunspot","VAR",34.3,47.5578965427021
2021-08-01,"Sunspot","VAR",22,48.3464013633174
2021-09-01,"Sunspot","VAR",51.3,49.1192070964924
2021-10-01,"Sunspot","VAR",37.4,49.8766402406351
2021-11-01,"Sunspot","VAR",34.8,50.6190184048631
2021-12-01,"Sunspot","VAR",67.5,51.3466507724626
2022-01-01,"Sunspot","VAR",55.3,52.0598386261441
2022-02-01,"Sunspot","VAR",60.9,52.7588758149596
2022-03-01,"Sunspot","VAR",78.6,53.4440491231297
2022-04-01,"Sunspot","VAR",84,54.1156385906517
2022-05-01,"Sunspot","VAR",96.5,54.77391781342
2022-06-01,"Sunspot","VAR",70.3,55.4191542154587
2022-07-01,"Sunspot","VAR",91.4,56.0516092888222
2022-08-01,"Sunspot","VAR",74.6,56.6715388087076
2022-09-01,"Sunspot","VAR",96,57.2791930306195
2022-10-01,"Sunspot","VAR",95.5,57.8748168714188
2022-11-01,"Sunspot","VAR",80.5,58.458650075235
2022-12-01,"Sunspot","VAR",112.8,59.0309273664329
2023-01-01,"Sunspot","VAR",144.4,59.5918785918342
2023-02-01,"Sunspot","VAR",111.3,60.1417288536106
2023-03-01,"Sunspot","VAR",123.3,60.6806986338812
2023-04-01,"Sunspot","VAR",97.6,61.2090039120371
2023-05-01,"Sunspot","VAR",137.4,61.7268562757355
2023-06-01,"Sunspot","VAR",160.5,62.2344630263219
2023-07-01,"Sunspot","VAR",160,62.7320272792953
2023-08-01,"Sunspot","VAR",114.8,63.2197480603513
2023-09-01,"Sunspot","VAR",134.2,63.6978203974755
2023-10-01,"Sunspot","VAR",99.9,64.1664354094827
2023-11-01,"Sunspot","VAR",107.1,64.6257803913414
2023-12-01,"Sunspot","VAR",113.5,65.0760388965694
2024-01-01,"Sunspot","VAR",126,65.5173908169547
2024-02-01,"Sunspot","VAR",123,65.9500124598129
2024-03-01,"Sunspot","VAR",103.7,66.37407662297
2024-04-01,"Sunspot","VAR",137,66.7897526676293
2024-05-01,"Sunspot","VAR",172.1,67.1972065892628
2024-06-01,"Sunspot","VAR",164.1,67.5966010866486
2024-07-01,"Sunspot","VAR",196.8,67.9880956291617
2024-08-01,"Sunspot","VAR",216,68.3718465224099
2024-09-01,"Sunspot","VAR",141.1,68.7480069723003
2024-10-01,"Sunspot","VAR",165.8,69.1167271476067
2018-10-01,"F107","VAR",695,693.88225262549
2018-11-01,"F107","VAR",689,701.303234732774
2018-12-01,"F107","VAR",700,707.307389019629
2019-01-01,"F107","VAR",716,713.470214199801
2019-02-01,"F107","VAR",706,723.752338662744
2019-03-01,"F107","VAR",715,733.751067096832
2019-04-01,"F107","VAR",725,743.122434023591
2019-05-01,"F107","VAR",713,752.216258084033
2019-06-01,"F107","VAR",681,761.451851391929
2019-07-01,"F107","VAR",673,770.474401401476
2019-08-01,"F107","VAR",671,779.155632674822
2019-09-01,"F107","VAR",680,787.577004720735
2019-10-01,"F107","VAR",675,795.828767536051
2019-11-01,"F107","VAR",702,803.897026235612
2019-12-01,"F107","VAR",709,811.770528352044
2020-01-01,"F107","VAR",723,819.464680775252
2020-02-01,"F107","VAR",709,826.997886049178
2020-03-01,"F107","VAR",702,834.374799228522
2020-04-01,"F107","VAR",696,841.596951063367
2020-05-01,"F107","VAR",692,848.6688407358
2020-06-01,"F107","VAR",697,855.59582261255
2020-07-01,"F107","VAR",695,862.381631959532
2020-08-01,"F107","VAR",717,869.029248768225
2020-09-01,"F107","VAR",706,875.541877180266
2020-10-01,"F107","VAR",746,881.922830306118
2020-11-01,"F107","VAR",901,888.17517582911
2020-12-01,"F107","VAR",873,894.301770355814
2021-01-01,"F107","VAR",901,900.305395728726
2021-02-01,"F107","VAR",873,906.188772414336
2021-03-01,"F107","VAR",761,911.954519623337
2021-04-01,"F107","VAR",743,917.605155708307
2021-05-01,"F107","VAR",765,923.143120284831
2021-06-01,"F107","VAR",747,928.570784133067
2021-07-01,"F107","VAR",798,933.890449245531
2021-08-01,"F107","VAR",810,939.10435165809
2021-09-01,"F107","VAR",779,944.214667301555
2021-10-01,"F107","VAR",901,949.223516516934
2021-11-01,"F107","VAR",866,954.132966732403
2021-12-01,"F107","VAR",1029,958.945034903105
2022-01-01,"F107","VAR",1041,963.66169011923
2022-02-01,"F107","VAR",1091,968.284855926901
2022-03-01,"F107","VAR",1178,972.816412228958
2022-04-01,"F107","VAR",1306,977.258196967272
2022-05-01,"F107","VAR",1340,981.612007696674
2022-06-01,"F107","VAR",1161,985.879603025681
2022-07-01,"F107","VAR",1256,990.062703911565
2022-08-01,"F107","VAR",1181,994.162994841998
2022-09-01,"F107","VAR",1347,998.182124931429
2022-10-01,"F107","VAR",1328,1002.12170894083
2022-11-01,"F107","VAR",1236,1005.98332822615
2022-12-01,"F107","VAR",1485,1009.76853162519
2023-01-01,"F107","VAR",1825,1013.47883629252
2023-02-01,"F107","VAR",1721,1017.11572848865
2023-03-01,"F107","VAR",1575,1020.68066432841
2023-04-01,"F107","VAR",1459,1024.175070493
2023-05-01,"F107","VAR",1560,1027.60034491012
2023-06-01,"F107","VAR",1624,1030.95785740556
2023-07-01,"F107","VAR",1775,1034.24895032901
2023-08-01,"F107","VAR",1539,1037.47493915673
2023-09-01,"F107","VAR",1557,1040.63711307305
2023-10-01,"F107","VAR",1416,1043.73673553264
2023-11-01,"F107","VAR",1544,1046.77504480524
2023-12-01,"F107","VAR",1593,1049.7532545039
2024-01-01,"F107","VAR",1640,1052.67255409824
2024-02-01,"F107","VAR",1733,1055.53410941355
2024-03-01,"F107","VAR",1551,1058.33906311666
2024-04-01,"F107","VAR",1617,1061.08853518946
2024-05-01,"F107","VAR",1884,1063.78362339057
2024-06-01,"F107","VAR",1851,1066.42540370592
2024-07-01,"F107","VAR",1986,1069.01493078869
2024-08-01,"F107","VAR",2456,1071.55323838913
2024-09-01,"F107","VAR",1967,1074.04133977466
2024-10-01,"F107","VAR",2226,1076.48022814059
2018-10-01,"Ap_Index","VAR",6,8.64510180571222
2018-11-01,"Ap_Index","VAR",6,8.64173066282081
2018-12-01,"Ap_Index","VAR",6,8.981467248258
2019-01-01,"Ap_Index","VAR",6,9.17063324340053
2019-02-01,"Ap_Index","VAR",7,9.2597578380251
2019-03-01,"Ap_Index","VAR",6,9.35030631127317
2019-04-01,"Ap_Index","VAR",6,9.46654821452154
2019-05-01,"Ap_Index","VAR",7,9.57135384813446
2019-06-01,"Ap_Index","VAR",4,9.66195812344846
2019-07-01,"Ap_Index","VAR",5,9.74475185119331
2019-08-01,"Ap_Index","VAR",7,9.82455404521198
2019-09-01,"Ap_Index","VAR",10,9.90044563662652
2019-10-01,"Ap_Index","VAR",7,9.97178330462094
2019-11-01,"Ap_Index","VAR",4,10.039077250996
2019-12-01,"Ap_Index","VAR",3,10.1032285253107
2020-01-01,"Ap_Index","VAR",4,10.1646664101001
2020-02-01,"Ap_Index","VAR",6,10.2235594762489
2020-03-01,"Ap_Index","VAR",6,10.2800978203345
2020-04-01,"Ap_Index","VAR",5,10.334545130626
2020-05-01,"Ap_Index","VAR",4,10.38712352129
2020-06-01,"Ap_Index","VAR",4,10.4379866977337
2020-07-01,"Ap_Index","VAR",4,10.4872603761167
2020-08-01,"Ap_Index","VAR",6,10.5350669234099
2020-09-01,"Ap_Index","VAR",9,10.5815164584148
2020-10-01,"Ap_Index","VAR",6,10.626699980058
2020-11-01,"Ap_Index","VAR",5,10.6706944697373
2020-12-01,"Ap_Index","VAR",5,10.7135687435631
2021-01-01,"Ap_Index","VAR",4,10.7553842597792
2021-02-01,"Ap_Index","VAR",10,10.7961947901672
2021-03-01,"Ap_Index","VAR",10,10.8360475403154
2021-04-01,"Ap_Index","VAR",8,10.8749846536984
2021-05-01,"Ap_Index","VAR",6,10.9130440175133
2021-06-01,"Ap_Index","VAR",5,10.9502596918251
2021-07-01,"Ap_Index","VAR",6,10.9866624158627
2021-08-01,"Ap_Index","VAR",6,11.0222801461092
2021-09-01,"Ap_Index","VAR",7,11.0571384708752
2021-10-01,"Ap_Index","VAR",7,11.0912609176113
2021-11-01,"Ap_Index","VAR",10,11.1246692237377
2021-12-01,"Ap_Index","VAR",6,11.1573835833971
2022-01-01,"Ap_Index","VAR",9,11.1894228547507
2022-02-01,"Ap_Index","VAR",10,11.2208047295301
2022-03-01,"Ap_Index","VAR",10,11.2515458771093
2022-04-01,"Ap_Index","VAR",12,11.2816620692719
2022-05-01,"Ap_Index","VAR",7,11.3111682865486
2022-06-01,"Ap_Index","VAR",8,11.3400788079466
2022-07-01,"Ap_Index","VAR",10,11.3684072872774
2022-08-01,"Ap_Index","VAR",11,11.3961668185801
2022-09-01,"Ap_Index","VAR",12,11.423369992123
2022-10-01,"Ap_Index","VAR",11,11.4500289422567
2022-11-01,"Ap_Index","VAR",9,11.4761553884178
2022-12-01,"Ap_Index","VAR",11,11.5017606703984
2023-01-01,"Ap_Index","VAR",9,11.5268557787474
2023-02-01,"Ap_Index","VAR",14,11.5514513810188
2023-03-01,"Ap_Index","VAR",14,11.5755578445014
2023-04-01,"Ap_Index","VAR",13,11.5991852559719
2023-05-01,"Ap_Index","VAR",11,11.6223434389223
2023-06-01,"Ap_Index","VAR",9,11.6450419686381
2023-07-01,"Ap_Index","VAR",8,11.6672901854506
2023-08-01,"Ap_Index","VAR",7,11.6890972064349
2023-09-01,"Ap_Index","VAR",14,11.7104719357863
2023-10-01,"Ap_Index","VAR",8,11.7314230740694
2023-11-01,"Ap_Index","VAR",12,11.7519591265032
2023-12-01,"Ap_Index","VAR",10,11.7720884104244
2024-01-01,"Ap_Index","VAR",5,11.7918190620461
2024-02-01,"Ap_Index","VAR",5,11.811159042611
2024-03-01,"Ap_Index","VAR",11,11.8301161440261
2024-04-01,"Ap_Index","VAR",10,11.8486979940489
2024-05-01,"Ap_Index","VAR",24,11.866912061087
2024-06-01,"Ap_Index","VAR",10,11.8847656586623
2024-07-01,"Ap_Index","VAR",7,11.9022659495836
2024-08-01,"Ap_Index","VAR",16,11.9194199498657
2024-09-01,"Ap_Index","VAR",15,11.936234532425
2024-10-01,"Ap_Index","VAR",19,11.9527164305801
