"date","series","method","actual","mean","lo95","hi95"
2018-10-01,"Ap_Index","ARIMA",6,8.74668693118175,0.0861056255327668,17.4072682368307
2018-11-01,"Ap_Index","ARIMA",6,8.13608656544807,-1.07561700298063,17.3477901338768
2018-12-01,"Ap_Index","ARIMA",6,7.94188107217093,-1.65241468570401,17.5361768300459
2019-01-01,"Ap_Index","ARIMA",6,7.96140116670745,-1.90541060853008,17.828212941945
2019-02-01,"Ap_Index","ARIMA",7,8.2139777716883,-1.850971608037,18.2789271514136
2019-03-01,"Ap_Index","ARIMA",6,9.09588841028658,-1.11575544879255,19.3075322693657
2019-04-01,"Ap_Index","ARIMA",6,8.78452718894855,-1.53759946188221,19.1066538397793
2019-05-01,"Ap_Index","ARIMA",7,8.30938282575354,-2.09736796648296,18.71613361799
2019-06-01,"Ap_Index","ARIMA",4,8.09416260361816,-2.37851476146528,18.5668399687016
2019-07-01,"Ap_Index","ARIMA",5,8.30550444904993,-2.21942509347521,18.8304339915751
2019-08-01,"Ap_Index","ARIMA",7,9.09977522203685,-1.46729806215135,19.6668485062251
2019-09-01,"Ap_Index","ARIMA",10,10.0813794097166,-0.520288098357492,20.6830469177908
2019-10-01,"Ap_Index","ARIMA",7,8.99257795941782,-1.76618085961554,19.7513367784512
2019-11-01,"Ap_Index","ARIMA",4,8.94098083204445,-1.87417343678742,19.7561351008763
2019-12-01,"Ap_Index","ARIMA",3,8.52917848586747,-2.33189604089992,19.3902530126349
2020-01-01,"Ap_Index","ARIMA",4,8.41137134540017,-2.48776306076608,19.3105057515664
2020-02-01,"Ap_Index","ARIMA",6,8.45480319327492,-2.47643366213047,19.3860400486803
2020-03-01,"Ap_Index","ARIMA",6,8.8435065412733,-2.11527421154486,19.8022872940914
2020-04-01,"Ap_Index","ARIMA",5,8.67908701781105,-2.30371755806661,19.6618915936887
2020-05-01,"Ap_Index","ARIMA",4,8.62896518779733,-2.3751215284723,19.633051904067
2020-06-01,"Ap_Index","ARIMA",4,8.60906687067064,-2.41414927730291,19.6322830186442
2020-07-01,"Ap_Index","ARIMA",4,8.36853268723279,-2.67210994128487,19.4091753157504
2020-08-01,"Ap_Index","ARIMA",6,9.01143609153885,-2.04527656220906,20.0681487452867
2020-09-01,"Ap_Index","ARIMA",9,9.13381801990477,-1.93787740096578,20.2055134407753
2020-10-01,"Ap_Index","ARIMA",6,8.97059813101874,-2.25633968743743,20.1975359494749
2020-11-01,"Ap_Index","ARIMA",5,8.88399483054267,-2.3888929525327,20.156882613618
2020-12-01,"Ap_Index","ARIMA",5,8.80984325072264,-2.50189220734894,20.1215787087942
2021-01-01,"Ap_Index","ARIMA",4,8.79992651325953,-2.54521782474514,20.1450708512642
2021-02-01,"Ap_Index","ARIMA",10,8.84085197658167,-2.53349774553677,20.2152016987001
2021-03-01,"Ap_Index","ARIMA",10,9.00869091372473,-2.39158711820784,20.4089689456573
2021-04-01,"Ap_Index","ARIMA",8,8.9475362166792,-2.47609452510908,20.3711669584675
2021-05-01,"Ap_Index","ARIMA",6,8.87784205465495,-2.56710189363786,20.3227860029478
2021-06-01,"Ap_Index","ARIMA",5,8.84692136580357,-2.61770965066744,20.3115523822746
2021-07-01,"Ap_Index","ARIMA",6,8.84702674051807,-2.63598663254646,20.3300401135826
2021-08-01,"Ap_Index","ARIMA",6,9.03304737884656,-2.46729555520537,20.5333903128985
2021-09-01,"Ap_Index","ARIMA",7,9.18137931639334,-2.33543926654018,20.6981978993269
2021-10-01,"Ap_Index","ARIMA",7,9.01427892152587,-2.53787435405182,20.5664321971036
2021-11-01,"Ap_Index","ARIMA",10,8.99706638568601,-2.57634413191336,20.5704769032854
2021-12-01,"Ap_Index","ARIMA",6,8.93246453764536,-2.66070319012021,20.5256322654109
2022-01-01,"Ap_Index","ARIMA",9,8.91547347051301,-2.69624397077781,20.5271909118038
2022-02-01,"Ap_Index","ARIMA",10,8.92647360627276,-2.70281626827019,20.5557634808157
2022-03-01,"Ap_Index","ARIMA",10,8.99963840115812,-2.64642906475137,20.6457058670676
2022-04-01,"Ap_Index","ARIMA",12,8.97004346930497,-2.69215223877984,20.6322391773898
2022-05-01,"Ap_Index","ARIMA",7,8.95489783953007,-2.72289345132283,20.632689130383
2022-06-01,"Ap_Index","ARIMA",8,8.94853019949285,-2.74441807787629,20.641478476862
2022-07-01,"Ap_Index","ARIMA",10,8.91598330729076,-2.79175952308942,20.6237261376709
2022-08-01,"Ap_Index","ARIMA",11,9.02574645714405,-2.69649040274225,20.7479833170304
2022-09-01,"Ap_Index","ARIMA",12,9.06034449749446,-2.67613636398162,20.7968253589705
2022-10-01,"Ap_Index","ARIMA",11,9.01801422927734,-2.74482007670414,20.7808485352588
2022-11-01,"Ap_Index","ARIMA",9,9.00421481076495,-2.77645554591673,20.7848851674466
2022-12-01,"Ap_Index","ARIMA",11,8.98636199299169,-2.81136168089402,20.7840856668774
2023-01-01,"Ap_Index","ARIMA",9,8.98298058054034,-2.83115639909778,20.7971175601785
2023-02-01,"Ap_Index","ARIMA",14,8.98987972202719,-2.8401451372953,20.8199045813497
2023-03-01,"Ap_Index","ARIMA",14,9.02151404155922,-2.82396572224515,20.8669938053636
2023-04-01,"Ap_Index","ARIMA",13,9.00964910403742,-2.85092750609584,20.8702257141707
2023-05-01,"Ap_Index","ARIMA",11,8.99837333832814,-2.87700299975931,20.8737496764156
2023-06-01,"Ap_Index","ARIMA",9,8.9934171216356,-2.89651156022651,20.8833458034977
2023-07-01,"Ap_Index","ARIMA",8,8.9894979591229,-2.91477638744944,20.8937723056952
2023-08-01,"Ap_Index","ARIMA",7,9.02802030212251,-2.89042642732958,20.9464670315746
2023-09-01,"Ap_Index","ARIMA",14,9.05233052876842,-2.88014276101846,20.9848038185553
2023-10-01,"Ap_Index","ARIMA",8,9.0245474303988,-2.92521670603021,20.9743115668278
2023-11-01,"Ap_Index","ARIMA",12,9.02054569248049,-2.94419297252949,20.9852843574905
2023-12-01,"Ap_Index","ARIMA",10,9.00962569413368,-2.96981875354103,20.9890701418084
2024-01-01,"Ap_Index","ARIMA",5,9.00691423354796,-2.98701181749441,21.0008402845903
2024-02-01,"Ap_Index","ARIMA",5,9.00924319689025,-2.99897680623929,21.0174632000198
2024-03-01,"Ap_Index","ARIMA",11,9.02299722411571,-2.9993590868214,21.0453535350528
2024-04-01,"Ap_Index","ARIMA",10,9.01754840807643,-3.01881126431311,21.053908080466
2024-05-01,"Ap_Index","ARIMA",24,9.01413033217433,-3.03612011732074,21.0643807816694
2024-06-01,"Ap_Index","ARIMA",10,9.01266762499581,-3.05137782858576,21.0767130785774
2024-07-01,"Ap_Index","ARIMA",7,9.00777985655247,-3.06997872506561,21.0855384381705
2024-08-01,"Ap_Index","ARIMA",16,9.02733034697241,-3.06407098682369,21.1187316807685
2024-09-01,"Ap_Index","ARIMA",15,9.03496618069323,-3.07001705520398,21.1399494165904
2024-10-01,"Ap_Index","ARIMA",19,9.02586220156231,-3.09444918824189,21.1461735913665
