"date","year","month","sunspot","f107","ap"
1964-01-01,1964,1,22.6,754,12
1964-02-01,1964,2,25.3,768,12
1964-03-01,1964,3,24.1,759,13
1964-04-01,1964,4,12.9,726,13
1964-05-01,1964,5,14.3,695,10
1964-06-01,1964,6,13.5,690,9
1964-07-01,1964,7,4.8,670,9
1964-08-01,1964,8,13.8,693,8
1964-09-01,1964,9,7,702,11
1964-10-01,1964,10,9.2,734,10
1964-11-01,1964,11,11.1,737,7
1964-12-01,1964,12,22.1,788,5
1965-01-01,1965,1,25.4,786,6
1965-02-01,1965,2,20.8,752,9
1965-03-01,1965,3,17.5,741,8
1965-04-01,1965,4,10.2,720,8
1965-05-01,1965,5,34.5,782,6
1965-06-01,1965,6,23.3,770,10
1965-07-01,1965,7,17.3,743,8
1965-08-01,1965,8,13.3,748,9
1965-09-01,1965,9,24.5,766,10
1965-10-01,1965,10,29.1,802,7
1965-11-01,1965,11,22.8,777,6
1965-12-01,1965,12,24.7,778,7
1966-01-01,1966,1,40.3,879,7
1966-02-01,1966,2,35.3,842,8
1966-03-01,1966,3,36.4,903,13
1966-04-01,1966,4,69,972,7
1966-05-01,1966,5,64.2,985,9
1966-06-01,1966,6,67.7,963,6
1966-07-01,1966,7,80.2,1067,9
1966-08-01,1966,8,72.6,1066,11
1966-09-01,1966,9,71.1,1109,21
1966-10-01,1966,10,81.2,1086,11
1966-11-01,1966,11,81,1133,10
1966-12-01,1966,12,99.8,1246,12
1967-01-01,1967,1,157,1477,11
1967-02-01,1967,2,132.6,1470,11
1967-03-01,1967,3,158.3,1606,7
1967-04-01,1967,4,98.4,1299,9
1967-05-01,1967,5,122.5,1430,25
1967-06-01,1967,6,95.4,1202,12
1967-07-01,1967,7,129.5,1403,8
1967-08-01,1967,8,151.8,1537,9
1967-09-01,1967,9,108.7,1321,16
1967-10-01,1967,10,125,1361,10
1967-11-01,1967,11,133.6,1453,10
1967-12-01,1967,12,179,1630,14
1968-01-01,1968,1,172.5,1891,11
1968-02-01,1968,2,158.5,1732,16
1968-03-01,1968,3,130.5,1426,13
1968-04-01,1968,4,115,1295,13
1968-05-01,1968,5,180,1549,13
1968-06-01,1968,6,156.2,1423,17
1968-07-01,1968,7,136.2,1372,10
1968-08-01,1968,8,154.8,1422,12
1968-09-01,1968,9,166,1410,14
1968-10-01,1968,10,152.5,1525,16
1968-11-01,1968,11,121.7,1385,17
1968-12-01,1968,12,155.5,1484,10
1969-01-01,1969,1,147.8,1527,8
1969-02-01,1969,2,170.5,1552,15
1969-03-01,1969,3,192.3,1723,17
1969-04-01,1969,4,151.1,1555,14
1969-05-01,1969,5,169.9,1454,17
1969-06-01,1969,6,150.1,1622,9
1969-07-01,1969,7,137.1,1366,8
1969-08-01,1969,8,138.8,1430,8
1969-09-01,1969,9,129.3,1373,15
1969-10-01,1969,10,135.4,1540,9
1969-11-01,1969,11,132.4,1567,10
1969-12-01,1969,12,138.6,1436,7
1970-01-01,1970,1,157.9,1583,7
1970-02-01,1970,2,180.8,1754,7
1970-03-01,1970,3,145.7,1584,17
1970-04-01,1970,4,155.1,1620,16
1970-05-01,1970,5,180.5,1684,9
1970-06-01,1970,6,151.3,1549,11
1970-07-01,1970,7,159.3,1520,19
1970-08-01,1970,8,131.7,1382,13
1970-09-01,1970,9,140.8,1432,11
1970-10-01,1970,10,122.6,1483,12
1970-11-01,1970,11,134.8,1620,12
1970-12-01,1970,12,118.2,1528,9
1971-01-01,1971,1,129.2,1626,12
1971-02-01,1971,2,111.8,1378,12
1971-03-01,1971,3,85.9,1119,11
1971-04-01,1971,4,101.6,1167,15
1971-05-01,1971,5,81.5,1099,13
1971-06-01,1971,6,70.7,1017,9
1971-07-01,1971,7,114.7,1174,8
1971-08-01,1971,8,87,1141,9
1971-09-01,1971,9,71.3,1040,13
1971-10-01,1971,10,73.4,1072,12
1971-11-01,1971,11,89.5,1140,11
1971-12-01,1971,12,116.5,1245,10
1972-01-01,1972,1,87,1148,13
1972-02-01,1972,2,125.3,1418,10
1972-03-01,1972,3,113.5,1285,12
1972-04-01,1972,4,89.6,1129,11
1972-05-01,1972,5,113.9,1296,10
1972-06-01,1972,6,124.7,1354,15
1972-07-01,1972,7,108.3,1220,8
1972-08-01,1972,8,108.9,1257,24
1972-09-01,1972,9,90.7,1136,13
1972-10-01,1972,10,86.9,1211,12
1972-11-01,1972,11,59.2,1016,14
1972-12-01,1972,12,64.3,1029,10
1973-01-01,1973,1,61.8,1022,16
1973-02-01,1973,2,60.9,987,20
1973-03-01,1973,3,65.4,1004,25
1973-04-01,1973,4,81.8,1050,30
1973-05-01,1973,5,60.3,970,17
1973-06-01,1973,6,56.1,912,17
1973-07-01,1973,7,33.2,845,12
1973-08-01,1973,8,36.6,829,12
1973-09-01,1973,9,84.1,1056,14
1973-10-01,1973,10,43.7,877,18
1973-11-01,1973,11,34.3,815,12
1973-12-01,1973,12,33.3,842,11
1974-01-01,1974,1,39.4,831,15
1974-02-01,1974,2,37.3,809,16
1974-03-01,1974,3,30.9,792,23
1974-04-01,1974,4,57.5,861,21
1974-05-01,1974,5,56.3,906,18
1974-06-01,1974,6,51.5,863,17
1974-07-01,1974,7,79.1,925,24
1974-08-01,1974,8,47.9,830,19
1974-09-01,1974,9,57.2,878,23
1974-10-01,1974,10,67.2,976,26
1974-11-01,1974,11,35.9,903,18
1974-12-01,1974,12,29.6,811,16
1975-01-01,1975,1,27.3,775,15
1975-02-01,1975,2,16.7,742,18
1975-03-01,1975,3,16.9,724,20
1975-04-01,1975,4,7.7,707,16
1975-05-01,1975,5,13.1,701,13
1975-06-01,1975,6,16.7,697,11
1975-07-01,1975,7,40.4,772,12
1975-08-01,1975,8,56.7,904,10
1975-09-01,1975,9,20.3,796,10
1975-10-01,1975,10,13.6,757,12
1975-11-01,1975,11,27.9,808,18
1975-12-01,1975,12,11.6,746,12
1976-01-01,1976,1,11.9,747,13
1976-02-01,1976,2,6.4,705,17
1976-03-01,1976,3,31.5,767,23
1976-04-01,1976,4,27.3,763,17
1976-05-01,1976,5,18.2,706,14
1976-06-01,1976,6,17.9,706,10
1976-07-01,1976,7,2.9,675,9
1976-08-01,1976,8,24.1,748,9
1976-09-01,1976,9,20,731,13
1976-10-01,1976,10,29.7,759,12
1976-11-01,1976,11,7.9,729,9
1976-12-01,1976,12,22.3,767,10
1977-01-01,1977,1,23.8,774,10
1977-02-01,1977,2,33.3,823,11
1977-03-01,1977,3,13,766,11
1977-04-01,1977,4,19,776,16
1977-05-01,1977,5,27,796,11
1977-06-01,1977,6,54.9,915,8
1977-07-01,1977,7,30.6,811,14
1977-08-01,1977,8,43,843,13
1977-09-01,1977,9,62.4,999,16
1977-10-01,1977,10,62.1,969,13
1977-11-01,1977,11,41.6,937,10
1977-12-01,1977,12,61.4,1021,10
1978-01-01,1978,1,73.7,1096,15
1978-02-01,1978,2,132.6,1454,16
1978-03-01,1978,3,108.4,1418,16
1978-04-01,1978,4,141.2,1494,23
1978-05-01,1978,5,117.1,1465,25
1978-06-01,1978,6,134.6,1422,20
1978-07-01,1978,7,99.7,1311,13
1978-08-01,1978,8,82.4,1140,17
1978-09-01,1978,9,195.7,1579,18
1978-10-01,1978,10,177.1,1582,12
1978-11-01,1978,11,138.5,1515,15
1978-12-01,1978,12,173.9,1755,13
1979-01-01,1979,1,235.9,2030,16
1979-02-01,1979,2,194.7,2041,15
1979-03-01,1979,3,195.3,1858,19
1979-04-01,1979,4,143.7,1738,25
1979-05-01,1979,5,190.3,1652,14
1979-06-01,1979,6,211.7,1803,12
1979-07-01,1979,7,225.7,1659,12
1979-08-01,1979,8,201.4,1727,17
1979-09-01,1979,9,266.9,2002,14
1979-10-01,1979,10,263.6,2179,12
1979-11-01,1979,11,259.5,2317,10
1979-12-01,1979,12,249.6,2035,9
1980-01-01,1980,1,226.1,2062,10
1980-02-01,1980,2,219.4,2000,11
1980-03-01,1980,3,178.7,1681,8
1980-04-01,1980,4,232.2,2079,12
1980-05-01,1980,5,254.7,2240,10
1980-06-01,1980,6,222.7,1932,13
1980-07-01,1980,7,192.9,1848,11
1980-08-01,1980,8,191.7,1662,10
1980-09-01,1980,9,219.6,1839,8
1980-10-01,1980,10,233.3,2042,14
1980-11-01,1980,11,209.5,2181,13
1980-12-01,1980,12,246.9,2258,13
1981-01-01,1981,1,156.6,1746,9
1981-02-01,1981,2,189.9,2045,14
1981-03-01,1981,3,196.6,2053,18
1981-04-01,1981,4,225.3,2232,28
1981-05-01,1981,5,194.7,1946,20
1981-06-01,1981,6,131.6,1569,12
1981-07-01,1981,7,205.3,1919,19
1981-08-01,1981,8,242.5,2206,16
1981-09-01,1981,9,245.3,2195,12
1981-10-01,1981,10,216.2,2243,23
1981-11-01,1981,11,186,2078,15
1981-12-01,1981,12,195.4,2078,10
1982-01-01,1982,1,149.8,1790,12
1982-02-01,1982,2,230.9,2142,33
1982-03-01,1982,3,221.1,2105,18
1982-04-01,1982,4,170.3,1618,22
1982-05-01,1982,5,119.3,1447,17
1982-06-01,1982,6,163.7,1719,22
1982-07-01,1982,7,139.4,1596,30
1982-08-01,1982,8,161.9,1679,21
1982-09-01,1982,9,167.4,1653,36
1982-10-01,1982,10,134.3,1619,18
1982-11-01,1982,11,127.5,1674,21
1982-12-01,1982,12,169,1994,21
1983-01-01,1983,1,115.5,1423,16
1983-02-01,1983,2,73.1,1226,27
1983-03-01,1983,3,88.7,1186,23
1983-04-01,1983,4,109.6,1189,24
1983-05-01,1983,5,132.5,1371,22
1983-06-01,1983,6,131.5,1386,15
1983-07-01,1983,7,108.9,1250,12
1983-08-01,1983,8,96,1244,16
1983-09-01,1983,9,69.9,1090,14
1983-10-01,1983,10,72.5,1124,17
1983-11-01,1983,11,45.7,925,21
1983-12-01,1983,12,45.6,934,15
1984-01-01,1984,1,74.8,1161,13
1984-02-01,1984,2,110.2,1406,17
1984-03-01,1984,3,116.7,1220,21
1984-04-01,1984,4,90.4,1287,25
1984-05-01,1984,5,96.9,1283,17
1984-06-01,1984,6,65.1,1003,15
1984-07-01,1984,7,55.7,893,16
1984-08-01,1984,8,35,837,16
1984-09-01,1984,9,22.6,781,24
1984-10-01,1984,10,12.6,735,23
1984-11-01,1984,11,26.5,763,21
1984-12-01,1984,12,21.4,759,18
1985-01-01,1985,1,17.8,745,16
1985-02-01,1985,2,20.7,737,15
1985-03-01,1985,3,16.9,733,11
1985-04-01,1985,4,20.4,751,21
1985-05-01,1985,5,32.4,802,9
1985-06-01,1985,6,28.3,761,11
1985-07-01,1985,7,39.9,787,14
1985-08-01,1985,8,10.1,715,13
1985-09-01,1985,9,4.3,695,13
1985-10-01,1985,10,22,747,14
1985-11-01,1985,11,17.9,742,15
1985-12-01,1985,12,15.8,748,13
1986-01-01,1986,1,2.8,732,14
1986-02-01,1986,2,27.9,836,27
1986-03-01,1986,3,13.8,770,13
1986-04-01,1986,4,22.4,751,8
1986-05-01,1986,5,16.1,726,12
1986-06-01,1986,6,0.6,676,8
1986-07-01,1986,7,18.1,702,8
1986-08-01,1986,8,9.9,684,12
1986-09-01,1986,9,5.1,687,17
1986-10-01,1986,10,40.1,830,11
1986-11-01,1986,11,15.4,771,13
1986-12-01,1986,12,5.8,726,8
1987-01-01,1987,1,9.8,725,8
1987-02-01,1987,2,3.4,715,10
1987-03-01,1987,3,17.4,740,10
1987-04-01,1987,4,46,849,7
1987-05-01,1987,5,39.1,878,8
1987-06-01,1987,6,18.8,779,7
1987-07-01,1987,7,38.2,842,11
1987-08-01,1987,8,47.9,900,13
1987-09-01,1987,9,42.2,861,19
1987-10-01,1987,10,63.4,981,16
1987-11-01,1987,11,48.8,1012,13
1987-12-01,1987,12,29.1,944,9
1988-01-01,1988,1,70.5,1080,13
1988-02-01,1988,2,45.4,1050,15
1988-03-01,1988,3,91.2,1149,14
1988-04-01,1988,4,108.8,1227,16
1988-05-01,1988,5,74.2,1152,12
1988-06-01,1988,6,124.3,1394,11
1988-07-01,1988,7,131.4,1527,10
1988-08-01,1988,8,139.4,1542,10
1988-09-01,1988,9,142.7,1525,12
1988-10-01,1988,10,156.5,1698,13
1988-11-01,1988,11,156.8,1562,12
1988-12-01,1988,12,231.2,1998,13
1989-01-01,1989,1,210.1,2354,19
1989-02-01,1989,2,208.7,2224,16
1989-03-01,1989,3,170.4,2051,41
1989-04-01,1989,4,166.3,1896,23
1989-05-01,1989,5,195.4,1901,16
1989-06-01,1989,6,284.5,2396,17
1989-07-01,1989,7,180.5,1819,8
1989-08-01,1989,8,232,2171,20
1989-09-01,1989,9,225.1,2259,17
1989-10-01,1989,10,212.2,2087,21
1989-11-01,1989,11,238.2,2351,19
1989-12-01,1989,12,211.4,2130,16
1990-01-01,1990,1,227.4,2101,14
1990-02-01,1990,2,171.8,1783,23
1990-03-01,1990,3,191.7,1888,23
1990-04-01,1990,4,189.7,1853,27
1990-05-01,1990,5,175.2,1897,16
1990-06-01,1990,6,153.3,1709,16
1990-07-01,1990,7,191.1,1807,14
1990-08-01,1990,8,252.1,2226,19
1990-09-01,1990,9,169.1,1774,14
1990-10-01,1990,10,199.4,1820,15
1990-11-01,1990,11,178.8,1843,9
1990-12-01,1990,12,197.1,2049,7
1991-01-01,1991,1,195.3,2294,8
1991-02-01,1991,2,240.3,2430,10
1991-03-01,1991,3,197,2300,27
1991-04-01,1991,4,197.6,1988,17
1991-05-01,1991,5,166.9,1903,18
1991-06-01,1991,6,224.7,2068,44
1991-07-01,1991,7,240.2,2120,27
1991-08-01,1991,8,240.8,2103,30
1991-09-01,1991,9,168.9,1806,20
1991-10-01,1991,10,197.1,2013,31
1991-11-01,1991,11,159.5,1720,33
1991-12-01,1991,12,212.6,2239,15
1992-01-01,1992,1,198.3,2176,14
1992-02-01,1992,2,230.7,2321,31
1992-03-01,1992,3,151,1713,14
1992-04-01,1992,4,142.2,1585,11
1992-05-01,1992,5,94.3,1254,21
1992-06-01,1992,6,98.5,1167,15
1992-07-01,1992,7,114.2,1322,10
1992-08-01,1992,8,91.9,1221,15
1992-09-01,1992,9,94,1168,25
1992-10-01,1992,10,133.4,1317,16
1992-11-01,1992,11,129.6,1452,14
1992-12-01,1992,12,122,1391,13
1993-01-01,1993,1,81.4,1210,17
1993-02-01,1993,2,127.8,1426,16
1993-03-01,1993,3,102.4,1364,24
1993-04-01,1993,4,94.4,1159,19
1993-05-01,1993,5,78.8,1124,12
1993-06-01,1993,6,69.6,1093,12
1993-07-01,1993,7,80.4,990,10
1993-08-01,1993,8,62.5,937,12
1993-09-01,1993,9,31.2,870,15
1993-10-01,1993,10,71.1,1003,14
1993-11-01,1993,11,48.2,959,15
1993-12-01,1993,12,68.4,1048,14
1994-01-01,1994,1,84.9,1150,15
1994-02-01,1994,2,54.9,996,30
1994-03-01,1994,3,47.5,904,24
1994-04-01,1994,4,27.4,791,29
1994-05-01,1994,5,29.8,799,26
1994-06-01,1994,6,39.7,773,14
1994-07-01,1994,7,50.6,805,11
1994-08-01,1994,8,34.3,761,8
1994-09-01,1994,9,40.5,790,12
1994-10-01,1994,10,67.1,877,22
1994-11-01,1994,11,29.5,809,14
1994-12-01,1994,12,32.2,774,13
1995-01-01,1995,1,32.6,827,14
1995-02-01,1995,2,45.8,856,15
1995-03-01,1995,3,46.3,851,15
1995-04-01,1995,4,21.6,777,16
1995-05-01,1995,5,19.4,755,19
1995-06-01,1995,6,22.5,757,11
1995-07-01,1995,7,20.4,739,8
1995-08-01,1995,8,18.2,738,9
1995-09-01,1995,9,15.7,720,13
1995-10-01,1995,10,30.6,779,16
1995-11-01,1995,11,14,742,9
1995-12-01,1995,12,14.9,726,9
1996-01-01,1996,1,13.3,745,9
1996-02-01,1996,2,7.7,715,10
1996-03-01,1996,3,12.6,707,11
1996-04-01,1996,4,6.8,693,11
1996-05-01,1996,5,7.6,701,7
1996-06-01,1996,6,16.5,696,5
1996-07-01,1996,7,11.8,712,7
1996-08-01,1996,8,19.7,724,9
1996-09-01,1996,9,3,694,15
1996-10-01,1996,10,0.7,692,13
1996-11-01,1996,11,24.9,787,8
1996-12-01,1996,12,14,778,7
1997-01-01,1997,1,7.4,740,9
1997-02-01,1997,2,11,738,11
1997-03-01,1997,3,12.1,735,8
1997-04-01,1997,4,23,745,10
1997-05-01,1997,5,25.4,746,8
1997-06-01,1997,6,20.8,717,7
1997-07-01,1997,7,12.9,711,6
1997-08-01,1997,8,35.7,790,7
1997-09-01,1997,9,59.7,962,10
1997-10-01,1997,10,32.8,849,10
1997-11-01,1997,11,50.4,995,10
1997-12-01,1997,12,55.5,988,4
1998-01-01,1998,1,44.5,934,8
1998-02-01,1998,2,50.2,934,8
1998-03-01,1998,3,82,1091,13
1998-04-01,1998,4,70.6,1083,10
1998-05-01,1998,5,74,1067,18
1998-06-01,1998,6,90.5,1084,10
1998-07-01,1998,7,96.7,1140,11
1998-08-01,1998,8,121.1,1360,18
1998-09-01,1998,9,132,1383,13
1998-10-01,1998,10,78.5,1173,13
1998-11-01,1998,11,97.3,1402,16
1998-12-01,1998,12,119.2,1501,8
1999-01-01,1999,1,86,1426,10
1999-02-01,1999,2,98,1420,12
1999-03-01,1999,3,103.5,1263,14
1999-04-01,1999,4,93.6,1172,12
1999-05-01,1999,5,149.6,1486,8
1999-06-01,1999,6,207.2,1698,7
1999-07-01,1999,7,173.5,1656,10
1999-08-01,1999,8,142.3,1708,15
1999-09-01,1999,9,106.3,1357,19
1999-10-01,1999,10,168.7,1648,19
1999-11-01,1999,11,188.3,1915,14
1999-12-01,1999,12,116.8,1698,10
2000-01-01,2000,1,133.1,1581,13
2000-02-01,2000,2,165.7,1732,15
2000-03-01,2000,3,217.7,2082,9
2000-04-01,2000,4,191.5,1842,15
2000-05-01,2000,5,165.9,1845,15
2000-06-01,2000,6,188,1798,15
2000-07-01,2000,7,244.3,2047,21
2000-08-01,2000,8,180.5,1631,16
2000-09-01,2000,9,156,1821,18
2000-10-01,2000,10,141.6,1677,18
2000-11-01,2000,11,158.1,1788,17
2000-12-01,2000,12,143.3,1736,7
2001-01-01,2001,1,142.6,1666,8
2001-02-01,2001,2,121.5,1467,7
2001-03-01,2001,3,165.8,1777,20
2001-04-01,2001,4,161.7,1781,22
2001-05-01,2001,5,142.1,1479,10
2001-06-01,2001,6,202.9,1737,10
2001-07-01,2001,7,123,1313,9
2001-08-01,2001,8,161.5,1631,11
2001-09-01,2001,9,238.2,2338,13
2001-10-01,2001,10,194.1,2081,20
2001-11-01,2001,11,176.6,2127,16
2001-12-01,2001,12,213.4,2356,9
2002-01-01,2002,1,184.6,2273,8
2002-02-01,2002,2,170.2,2050,10
2002-03-01,2002,3,147.1,2044,10
2002-04-01,2002,4,186.9,1898,17
2002-05-01,2002,5,187.5,1784,12
2002-06-01,2002,6,128.8,1487,7
2002-07-01,2002,7,161,1735,11
2002-08-01,2002,8,175.6,1839,14
2002-09-01,2002,9,187.9,1758,13
2002-10-01,2002,10,151.2,1670,25
2002-11-01,2002,11,147.2,1687,17
2002-12-01,2002,12,135.3,1572,13
2003-01-01,2003,1,133.5,1440,13
2003-02-01,2003,2,75.7,1245,17
2003-03-01,2003,3,100.7,1322,21
2003-04-01,2003,4,97.9,1263,20
2003-05-01,2003,5,86.8,1162,26
2003-06-01,2003,6,118.7,1293,24
2003-07-01,2003,7,128.3,1277,19
2003-08-01,2003,8,115.4,1221,23
2003-09-01,2003,9,78.5,1122,18
2003-10-01,2003,10,97.8,1513,35
2003-11-01,2003,11,82.9,1408,28
2003-12-01,2003,12,72.2,1150,16
2004-01-01,2004,1,60.6,1141,22
2004-02-01,2004,2,74.6,1070,13
2004-03-01,2004,3,74.8,1120,14
2004-04-01,2004,4,59.2,1012,11
2004-05-01,2004,5,72.8,998,8
2004-06-01,2004,6,66.5,974,8
2004-07-01,2004,7,83.8,1185,23
2004-08-01,2004,8,69.7,1110,9
2004-09-01,2004,9,48.8,1030,9
2004-10-01,2004,10,74.2,1059,8
2004-11-01,2004,11,70.1,1137,25
2004-12-01,2004,12,28.9,950,11
2005-01-01,2005,1,48.1,1022,24
2005-02-01,2005,2,43.5,972,11
2005-03-01,2005,3,39.6,899,12
2005-04-01,2005,4,38.7,860,11
2005-05-01,2005,5,61.9,995,19
2005-06-01,2005,6,56.8,937,12
2005-07-01,2005,7,62.4,965,14
2005-08-01,2005,8,60.5,905,14
2005-09-01,2005,9,37.2,911,20
2005-10-01,2005,10,13.2,766,8
2005-11-01,2005,11,27.5,862,9
2005-12-01,2005,12,59.3,907,9
2006-01-01,2006,1,20.9,834,6
2006-02-01,2006,2,5.7,765,6
2006-03-01,2006,3,17.3,755,8
2006-04-01,2006,4,50.3,890,11
2006-05-01,2006,5,37.2,809,7
2006-06-01,2006,6,24.5,765,7
2006-07-01,2006,7,22.2,758,7
2006-08-01,2006,8,20.8,794,9
2006-09-01,2006,9,23.7,778,8
2006-10-01,2006,10,14.9,743,8
2006-11-01,2006,11,35.7,863,9
2006-12-01,2006,12,22.3,845,15
2007-01-01,2007,1,29.3,835,10
2007-02-01,2007,2,18.4,777,7
2007-03-01,2007,3,7.2,722,8
2007-04-01,2007,4,5.4,724,9
2007-05-01,2007,5,19.5,744,8
2007-06-01,2007,6,21.3,737,6
2007-07-01,2007,7,15.1,716,7
2007-08-01,2007,8,9.8,691,6
2007-09-01,2007,9,4,670,9
2007-10-01,2007,10,1.5,675,7
2007-11-01,2007,11,2.8,696,7
2007-12-01,2007,12,17.3,785,6
2008-01-01,2008,1,4.1,743,8
2008-02-01,2008,2,2.9,711,11
2008-03-01,2008,3,15.5,729,11
2008-04-01,2008,4,3.6,702,9
2008-05-01,2008,5,4.6,684,6
2008-06-01,2008,6,5.2,659,7
2008-07-01,2008,7,0.6,657,5
2008-08-01,2008,8,0.3,663,5
2008-09-01,2008,9,1.2,671,6
2008-10-01,2008,10,4.2,683,7
2008-11-01,2008,11,6.6,686,4
2008-12-01,2008,12,1,692,5
2009-01-01,2009,1,1.3,698,4
2009-02-01,2009,2,1.2,700,5
2009-03-01,2009,3,0.6,692,5
2009-04-01,2009,4,1.2,697,4
2009-05-01,2009,5,2.9,705,4
2009-06-01,2009,6,6.3,686,4
2009-07-01,2009,7,5.5,682,4
2009-08-01,2009,8,0,674,5
2009-09-01,2009,9,7.1,705,4
2009-10-01,2009,10,7.7,723,4
2009-11-01,2009,11,6.9,736,3
2009-12-01,2009,12,16.3,768,2
2010-01-01,2010,1,19.5,811,3
2010-02-01,2010,2,28.5,847,5
2010-03-01,2010,3,24,834,5
2010-04-01,2010,4,10.4,759,10
2010-05-01,2010,5,13.9,738,8
2010-06-01,2010,6,18.8,725,7
2010-07-01,2010,7,25.2,798,5
2010-08-01,2010,8,29.6,795,8
2010-09-01,2010,9,36.4,811,5
2010-10-01,2010,10,33.6,817,6
2010-11-01,2010,11,34.4,825,6
2010-12-01,2010,12,24.5,842,4
2011-01-01,2011,1,27.3,834,6
2011-02-01,2011,2,48.3,946,6
2011-03-01,2011,3,78.6,1158,8
2011-04-01,2011,4,76.1,1125,9
2011-05-01,2011,5,58.2,958,9
2011-06-01,2011,6,56.1,958,8
2011-07-01,2011,7,64.5,941,8
2011-08-01,2011,8,65.8,1017,7
2011-09-01,2011,9,120.1,1345,12
2011-10-01,2011,10,125.7,1372,7
2011-11-01,2011,11,139.1,1531,5
2011-12-01,2011,12,109.3,1412,4
2012-01-01,2012,1,94.4,1331,7
2012-02-01,2012,2,47.8,1068,9
2012-03-01,2012,3,86.6,1150,16
2012-04-01,2012,4,85.9,1131,10
2012-05-01,2012,5,96.5,1215,7
2012-06-01,2012,6,92,1209,10
2012-07-01,2012,7,100.1,1361,14
2012-08-01,2012,8,94.8,1157,7
2012-09-01,2012,9,93.7,1230,8
2012-10-01,2012,10,76.5,1232,10
2012-11-01,2012,11,87.6,1209,7
2012-12-01,2012,12,56.8,1083,3
2013-01-01,2013,1,96.1,1271,5
2013-02-01,2013,2,60.9,1042,6
2013-03-01,2013,3,78.3,1113,11
2013-04-01,2013,4,107.3,1251,5
2013-05-01,2013,5,120.2,1313,10
2013-06-01,2013,6,76.7,1101,13
2013-07-01,2013,7,86.2,1155,10
2013-08-01,2013,8,91.8,1154,8
2013-09-01,2013,9,54.5,1026,5
2013-10-01,2013,10,114.4,1324,8
2013-11-01,2013,11,113.9,1483,6
2013-12-01,2013,12,124.2,1477,5
2014-01-01,2014,1,117,1601,5
2014-02-01,2014,2,146.1,1702,11
2014-03-01,2014,3,128.7,1499,5
2014-04-01,2014,4,112.5,1442,8
2014-05-01,2014,5,112.5,1302,6
2014-06-01,2014,6,102.9,1221,7
2014-07-01,2014,7,100.2,1373,4
2014-08-01,2014,8,106.9,1252,8
2014-09-01,2014,9,130,1477,10
2014-10-01,2014,10,90,1551,9
2014-11-01,2014,11,103.6,1547,9
2014-12-01,2014,12,112.9,1589,11
2015-01-01,2015,1,93,1415,9
2015-02-01,2015,2,66.7,1289,10
2015-03-01,2015,3,54.5,1263,16
2015-04-01,2015,4,75.3,1290,11
2015-05-01,2015,5,88.8,1199,8
2015-06-01,2015,6,66.5,1268,13
2015-07-01,2015,7,65.8,1070,9
2015-08-01,2015,8,64.4,1065,14
2015-09-01,2015,9,78.6,1020,16
2015-10-01,2015,10,63.6,1040,14
2015-11-01,2015,11,62.2,1095,12
2015-12-01,2015,12,58,1127,14
2016-01-01,2016,1,57,1034,9
2016-02-01,2016,2,56.4,1035,10
2016-03-01,2016,3,54.1,915,11
2016-04-01,2016,4,37.9,934,9
2016-05-01,2016,5,51.5,932,12
2016-06-01,2016,6,20.5,819,8
2016-07-01,2016,7,32.4,859,9
2016-08-01,2016,8,50.2,849,10
2016-09-01,2016,9,44.6,877,15
2016-10-01,2016,10,33.4,860,15
2016-11-01,2016,11,21.4,785,9
2016-12-01,2016,12,18.5,751,9
2017-01-01,2017,1,26.1,773,9
2017-02-01,2017,2,26.4,768,10
2017-03-01,2017,3,17.7,746,14
2017-04-01,2017,4,32.3,810,12
2017-05-01,2017,5,18.9,735,8
2017-06-01,2017,6,19.2,747,6
2017-07-01,2017,7,17.8,776,9
2017-08-01,2017,8,32.6,779,11
2017-09-01,2017,9,43.7,933,18
2017-10-01,2017,10,13.2,764,10
2017-11-01,2017,11,5.7,723,10
2017-12-01,2017,12,8.2,715,7
2018-01-01,2018,1,6.8,700,6
2018-02-01,2018,2,10.7,720,6
2018-03-01,2018,3,2.5,684,8
2018-04-01,2018,4,8.9,700,7
2018-05-01,2018,5,13.1,709,7
2018-06-01,2018,6,15.6,725,7
2018-07-01,2018,7,1.6,697,5
2018-08-01,2018,8,8.7,691,9
2018-09-01,2018,9,3.3,683,9
2018-10-01,2018,10,4.9,695,6
2018-11-01,2018,11,4.9,689,6
2018-12-01,2018,12,3.1,700,6
2019-01-01,2019,1,7.7,716,6
2019-02-01,2019,2,0.8,706,7
2019-03-01,2019,3,9.4,715,6
2019-04-01,2019,4,9.1,725,6
2019-05-01,2019,5,9.9,713,7
2019-06-01,2019,6,1.2,681,4
2019-07-01,2019,7,0.9,673,5
2019-08-01,2019,8,0.5,671,7
2019-09-01,2019,9,1.1,680,10
2019-10-01,2019,10,0.4,675,7
2019-11-01,2019,11,0.5,702,4
2019-12-01,2019,12,1.5,709,3
2020-01-01,2020,1,6.2,723,4
2020-02-01,2020,2,0.2,709,6
2020-03-01,2020,3,1.5,702,6
2020-04-01,2020,4,5.2,696,5
2020-05-01,2020,5,0.2,692,4
2020-06-01,2020,6,5.8,697,4
2020-07-01,2020,7,6.1,695,4
2020-08-01,2020,8,7.5,717,6
2020-09-01,2020,9,0.6,706,9
2020-10-01,2020,10,14.6,746,6
2020-11-01,2020,11,34.5,901,5
2020-12-01,2020,12,23.1,873,5
2021-01-01,2021,1,10.4,901,4
2021-02-01,2021,2,8.2,873,10
2021-03-01,2021,3,17.2,761,10
2021-04-01,2021,4,24.5,743,8
2021-05-01,2021,5,21.2,765,6
2021-06-01,2021,6,25,747,5
2021-07-01,2021,7,34.3,798,6
2021-08-01,2021,8,22,810,6
2021-09-01,2021,9,51.3,779,7
2021-10-01,2021,10,37.4,901,7
2021-11-01,2021,11,34.8,866,10
2021-12-01,2021,12,67.5,1029,6
2022-01-01,2022,1,55.3,1041,9
2022-02-01,2022,2,60.9,1091,10
2022-03-01,2022,3,78.6,1178,10
2022-04-01,2022,4,84,1306,12
2022-05-01,2022,5,96.5,1340,7
2022-06-01,2022,6,70.3,1161,8
2022-07-01,2022,7,91.4,1256,10
2022-08-01,2022,8,74.6,1181,11
2022-09-01,2022,9,96,1347,12
2022-10-01,2022,10,95.5,1328,11
2022-11-01,2022,11,80.5,1236,9
2022-12-01,2022,12,112.8,1485,11
2023-01-01,2023,1,144.4,1825,9
2023-02-01,2023,2,111.3,1721,14
2023-03-01,2023,3,123.3,1575,14
2023-04-01,2023,4,97.6,1459,13
2023-05-01,2023,5,137.4,1560,11
2023-06-01,2023,6,160.5,1624,9
2023-07-01,2023,7,160,1775,8
2023-08-01,2023,8,114.8,1539,7
2023-09-01,2023,9,134.2,1557,14
2023-10-01,2023,10,99.9,1416,8
2023-11-01,2023,11,107.1,1544,12
2023-12-01,2023,12,113.5,1593,10
2024-01-01,2024,1,126,1640,5
2024-02-01,2024,2,123,1733,5
2024-03-01,2024,3,103.7,1551,11
2024-04-01,2024,4,137,1617,10
2024-05-01,2024,5,172.1,1884,24
2024-06-01,2024,6,164.1,1851,10
2024-07-01,2024,7,196.8,1986,7
2024-08-01,2024,8,216,2456,16
2024-09-01,2024,9,141.1,1967,15
2024-10-01,2024,10,165.8,2226,19
2024-11-01,2024,11,154.1,NA,9
2024-12-01,2024,12,154.6,NA,8
